Designator,Mid X,Mid Y,Rotation,Layer
C1_2,111.023333,-42.274125,90.0,top
C1,177.15,-45.599999,90.0,top
C10_2,118.154286,-49.416983,90.0,top
C10,199.649999,-53.099998,90.0,top
C11_2,125.297143,-49.416983,90.0,top
C11,207.149999,-53.099998,90.0,top
C12_2,132.44,-49.416983,90.0,top
C12,214.649999,-53.099998,90.0,top
C13_2,139.582857,-49.416983,90.0,top
C13,177.149999,-60.599998,90.0,top
C14_2,146.725714,-49.416983,90.0,top
C14,184.649999,-60.599998,90.0,top
C15_2,153.880475,-49.416983,90.0,top
C15,192.149999,-60.599998,90.0,top
C16_2,161.023332,-49.416983,90.0,top
C16,199.649999,-60.599998,90.0,top
C17_2,111.023333,-56.55984,90.0,top
C17,207.149999,-60.599998,90.0,top
C18_2,118.16619,-56.55984,90.0,top
C18,214.649999,-60.599998,90.0,top
C19_2,125.309047,-56.55984,90.0,top
C19,177.149999,-68.199998,90.0,top
C2_2,118.16619,-42.274125,90.0,top
C2,184.65,-45.599999,90.0,top
C20_2,132.451904,-56.55984,90.0,top
C20,184.649999,-68.199998,90.0,top
C21_2,139.594761,-56.55984,90.0,top
C21,192.149999,-68.199998,90.0,top
C22_2,146.737618,-56.55984,90.0,top
C22,199.649999,-68.199998,90.0,top
C23_2,153.880475,-56.55984,90.0,top
C23,207.149999,-68.199998,90.0,top
C24_2,161.023332,-56.55984,90.0,top
C24,214.649999,-68.199998,90.0,top
C25_2,111.023333,-63.702697,90.0,top
C25,177.149999,-75.607499,90.0,top
C26_2,118.154286,-63.702697,90.0,top
C26,184.649999,-75.607499,90.0,top
C27_2,125.309047,-63.702697,90.0,top
C27,192.149999,-75.607499,90.0,top
C28_2,132.451904,-63.702697,90.0,top
C28,199.649999,-75.607499,90.0,top
C29_2,139.594761,-63.702697,90.0,top
C29,207.149999,-75.607499,90.0,top
C3_2,125.309047,-42.274125,90.0,top
C3,192.15,-45.599999,90.0,top
C30_2,146.737618,-63.702697,90.0,top
C30,214.649999,-75.607499,90.0,top
C31_2,153.880475,-63.702697,90.0,top
C31,177.149999,-83.099998,90.0,top
C32_2,161.023332,-63.702697,90.0,top
C32,184.649999,-83.099998,90.0,top
C33_2,111.023333,-70.845554,90.0,top
C33,192.149999,-83.099998,90.0,top
C34_2,118.16619,-70.845554,90.0,top
C34,199.649999,-83.099998,90.0,top
C35_2,125.309047,-70.845554,90.0,top
C35,207.149999,-83.099998,90.0,top
C36_2,132.451904,-70.845554,90.0,top
C36,214.649999,-83.099998,90.0,top
C37,139.594761,-70.845554,90.0,top
C38,146.737618,-70.845554,90.0,top
C39,153.880475,-70.845554,90.0,top
C4_2,132.451904,-42.274125,90.0,top
C4,199.65,-45.599999,90.0,top
C40,161.023332,-70.845554,90.0,top
C41,111.023333,-77.988411,90.0,top
C42,118.16619,-77.988411,90.0,top
C43,125.309047,-77.988411,90.0,top
C44,132.451904,-77.988411,90.0,top
C45,139.594761,-77.988411,90.0,top
C46,146.737618,-77.988411,90.0,top
C47,153.880475,-77.988411,90.0,top
C48,161.023332,-77.988411,90.0,top
C49,111.023333,-85.131268,90.0,top
C5_2,139.594761,-42.274126,90.0,top
C5,207.149999,-45.599998,90.0,top
C50,118.16619,-85.131268,90.0,top
C51,125.311095,-85.131268,90.0,top
C52,132.453952,-85.131268,90.0,top
C53,139.596809,-85.131268,90.0,top
C54,146.739666,-85.131268,90.0,top
C55,153.882523,-85.131268,90.0,top
C56,161.02538,-85.131268,90.0,top
C57,111.025238,-92.274125,90.0,top
C58,118.168095,-92.274125,90.0,top
C59,125.311095,-92.274125,90.0,top
C6_2,146.737618,-42.274126,90.0,top
C6,214.649999,-45.599998,90.0,top
C60,132.453952,-92.274125,90.0,top
C61,139.596809,-92.274125,90.0,top
C62,146.739523,-92.274125,90.0,top
C63,153.88238,-92.274125,90.0,top
C64,161.025237,-92.274125,90.0,top
C7_2,153.868571,-42.274126,90.0,top
C7,177.149999,-53.099998,90.0,top
C8_2,161.011428,-42.274126,90.0,top
C8,184.649999,-53.099998,90.0,top
C9_2,111.011429,-49.416983,90.0,top
C9,192.149999,-53.099998,90.0,top
J1_2,138.0,-102.0,180.0,top
J1,193.25,-89.54,180.0,top
Q1_2,172.400001,-45.6,270.0,top
Q1,113.985833,-43.974125,0.0,bottom
Q10_2,142.557261,-43.974125,0.0,bottom
Q10,202.400001,-45.6,270.0,top
Q100,121.12869,-86.831267,0.0,bottom
Q101,128.273595,-86.831267,0.0,top
Q102,128.273595,-86.831267,0.0,bottom
Q103,135.416452,-86.831267,0.0,top
Q104,135.416452,-86.831267,0.0,bottom
Q105,142.559309,-86.831267,0.0,top
Q106,142.559309,-86.831267,0.0,bottom
Q107,149.702166,-86.831267,0.0,top
Q108,149.702166,-86.831267,0.0,bottom
Q109,156.845023,-86.831267,0.0,top
Q11_2,149.700118,-43.974125,0.0,top
Q11,210.949999,-41.9,180.0,top
Q110,156.845023,-86.831267,0.0,bottom
Q111,163.98788,-86.831267,0.0,top
Q112,163.98788,-86.831267,0.0,bottom
Q113,113.987738,-93.974124,0.0,top
Q114,113.987738,-93.974124,0.0,bottom
Q115,121.130595,-93.974124,0.0,top
Q116,121.130595,-93.974124,0.0,bottom
Q117,128.273595,-93.974124,0.0,top
Q118,128.273595,-93.974124,0.0,bottom
Q119,135.416452,-93.974124,0.0,top
Q12_2,149.700118,-43.974125,0.0,bottom
Q12,209.900001,-45.6,270.0,top
Q120,135.416452,-93.974124,0.0,bottom
Q121,142.559309,-93.974124,0.0,top
Q122,142.559309,-93.974124,0.0,bottom
Q123,149.702023,-93.974124,0.0,top
Q124,149.702023,-93.974124,0.0,bottom
Q125,156.84488,-93.974124,0.0,top
Q126,156.84488,-93.974124,0.0,bottom
Q127,163.987737,-93.974124,0.0,top
Q128,163.987737,-93.974124,0.0,bottom
Q13_2,156.831071,-43.974125,0.0,top
Q13,173.449999,-49.4,180.0,top
Q14_2,156.831071,-43.974125,0.0,bottom
Q14,172.400001,-53.1,270.0,top
Q15_2,163.973928,-43.974125,0.0,top
Q15,180.949999,-49.4,180.0,top
Q16_2,163.973928,-43.974125,0.0,bottom
Q16,179.900001,-53.1,270.0,top
Q17_2,113.973929,-51.116982,0.0,top
Q17,188.449999,-49.4,180.0,top
Q18_2,113.973929,-51.116982,0.0,bottom
Q18,187.400001,-53.1,270.0,top
Q19_2,121.116786,-51.116982,0.0,top
Q19,195.949999,-49.4,180.0,top
Q2_2,113.985833,-43.974125,0.0,top
Q2,173.45,-41.9,180.0,top
Q20_2,121.116786,-51.116982,0.0,bottom
Q20,194.900001,-53.1,270.0,top
Q21_2,128.259643,-51.116982,0.0,top
Q21,203.449999,-49.4,180.0,top
Q22_2,128.259643,-51.116982,0.0,bottom
Q22,202.400001,-53.1,270.0,top
Q23_2,135.4025,-51.116982,0.0,top
Q23,210.949999,-49.4,180.0,top
Q24_2,135.4025,-51.116982,0.0,bottom
Q24,209.900001,-53.1,270.0,top
Q25_2,142.545357,-51.116982,0.0,top
Q25,173.449999,-56.9,180.0,top
Q26_2,142.545357,-51.116982,0.0,bottom
Q26,172.400001,-60.6,270.0,top
Q27_2,149.688214,-51.116982,0.0,top
Q27,180.949999,-56.9,180.0,top
Q28_2,149.688214,-51.116982,0.0,bottom
Q28,179.900001,-60.6,270.0,top
Q29_2,156.842975,-51.116982,0.0,top
Q29,188.449999,-56.9,180.0,top
Q3_2,121.12869,-43.974125,0.0,top
Q3,180.95,-41.9,180.0,top
Q30_2,156.842975,-51.116982,0.0,bottom
Q30,187.400001,-60.6,270.0,top
Q31_2,163.985832,-51.116982,0.0,top
Q31,195.949999,-56.9,180.0,top
Q32_2,163.985832,-51.116982,0.0,bottom
Q32,194.900001,-60.6,270.0,top
Q33_2,113.985833,-58.259839,0.0,top
Q33,203.449999,-56.9,180.0,top
Q34_2,113.985833,-58.259839,0.0,bottom
Q34,202.400001,-60.6,270.0,top
Q35_2,121.12869,-58.259839,0.0,top
Q35,210.949999,-56.9,180.0,top
Q36_2,121.12869,-58.259839,0.0,bottom
Q36,209.900001,-60.6,270.0,top
Q37_2,128.271547,-58.259839,0.0,top
Q37,173.449999,-64.5,180.0,top
Q38_2,128.271547,-58.259839,0.0,bottom
Q38,172.400001,-68.2,270.0,top
Q39_2,135.414404,-58.259839,0.0,top
Q39,180.949999,-64.5,180.0,top
Q4_2,121.12869,-43.974125,0.0,bottom
Q4,179.900001,-45.6,270.0,top
Q40_2,135.414404,-58.259839,0.0,bottom
Q40,179.900001,-68.2,270.0,top
Q41_2,142.557261,-58.259839,0.0,top
Q41,188.449999,-64.5,180.0,top
Q42_2,142.557261,-58.259839,0.0,bottom
Q42,187.400001,-68.2,270.0,top
Q43_2,149.700118,-58.259839,0.0,top
Q43,195.949999,-64.5,180.0,top
Q44_2,149.700118,-58.259839,0.0,bottom
Q44,194.900001,-68.2,270.0,top
Q45_2,156.842975,-58.259839,0.0,top
Q45,203.449999,-64.5,180.0,top
Q46_2,156.842975,-58.259839,0.0,bottom
Q46,202.400001,-68.2,270.0,top
Q47_2,163.985832,-58.259839,0.0,top
Q47,210.949999,-64.5,180.0,top
Q48_2,163.985832,-58.259839,0.0,bottom
Q48,209.900001,-68.2,270.0,top
Q49_2,113.985833,-65.402696,0.0,top
Q49,173.449999,-71.907501,180.0,top
Q5_2,128.271547,-43.974125,0.0,top
Q5,188.45,-41.9,180.0,top
Q50_2,113.985833,-65.402696,0.0,bottom
Q50,172.400001,-75.607501,270.0,top
Q51_2,121.116786,-65.402696,0.0,top
Q51,180.949999,-71.907501,180.0,top
Q52_2,121.116786,-65.402696,0.0,bottom
Q52,179.900001,-75.607501,270.0,top
Q53_2,128.271547,-65.402696,0.0,top
Q53,188.449999,-71.907501,180.0,top
Q54_2,128.271547,-65.402696,0.0,bottom
Q54,187.400001,-75.607501,270.0,top
Q55_2,135.414404,-65.402696,0.0,top
Q55,195.949999,-71.907501,180.0,top
Q56_2,135.414404,-65.402696,0.0,bottom
Q56,194.900001,-75.607501,270.0,top
Q57_2,142.557261,-65.402696,0.0,top
Q57,203.449999,-71.907501,180.0,top
Q58_2,142.557261,-65.402696,0.0,bottom
Q58,202.400001,-75.607501,270.0,top
Q59_2,149.700118,-65.402696,0.0,top
Q59,210.949999,-71.907501,180.0,top
Q6_2,128.271547,-43.974125,0.0,bottom
Q6,187.400001,-45.6,270.0,top
Q60_2,149.700118,-65.402696,0.0,bottom
Q60,209.900001,-75.607501,270.0,top
Q61_2,156.842975,-65.402696,0.0,top
Q61,173.449999,-79.4,180.0,top
Q62_2,156.842975,-65.402696,0.0,bottom
Q62,172.400001,-83.1,270.0,top
Q63_2,163.985832,-65.402696,0.0,top
Q63,180.949999,-79.4,180.0,top
Q64_2,163.985832,-65.402696,0.0,bottom
Q64,179.900001,-83.1,270.0,top
Q65_2,113.985833,-72.545553,0.0,top
Q65,188.449999,-79.4,180.0,top
Q66_2,113.985833,-72.545553,0.0,bottom
Q66,187.400001,-83.1,270.0,top
Q67_2,121.12869,-72.545553,0.0,top
Q67,195.949999,-79.4,180.0,top
Q68_2,121.12869,-72.545553,0.0,bottom
Q68,194.900001,-83.1,270.0,top
Q69_2,128.271547,-72.545553,0.0,top
Q69,203.449999,-79.4,180.0,top
Q7_2,135.414404,-43.974125,0.0,top
Q7,195.95,-41.9,180.0,top
Q70_2,128.271547,-72.545553,0.0,bottom
Q70,202.400001,-83.1,270.0,top
Q71_2,135.414404,-72.545553,0.0,top
Q71,210.949999,-79.4,180.0,top
Q72_2,135.414404,-72.545553,0.0,bottom
Q72,209.900001,-83.1,270.0,top
Q73,142.557261,-72.545553,0.0,top
Q74,142.557261,-72.545553,0.0,bottom
Q75,149.700118,-72.545553,0.0,top
Q76,149.700118,-72.545553,0.0,bottom
Q77,156.842975,-72.545553,0.0,top
Q78,156.842975,-72.545553,0.0,bottom
Q79,163.985832,-72.545553,0.0,top
Q8_2,135.414404,-43.974125,0.0,bottom
Q8,194.900001,-45.6,270.0,top
Q80,163.985832,-72.545553,0.0,bottom
Q81,113.985833,-79.68841,0.0,top
Q82,113.985833,-79.68841,0.0,bottom
Q83,121.12869,-79.68841,0.0,top
Q84,121.12869,-79.68841,0.0,bottom
Q85,128.271547,-79.68841,0.0,top
Q86,128.271547,-79.68841,0.0,bottom
Q87,135.414404,-79.68841,0.0,top
Q88,135.414404,-79.68841,0.0,bottom
Q89,142.557261,-79.68841,0.0,top
Q9_2,142.557261,-43.974125,0.0,top
Q9,203.449999,-41.9,180.0,top
Q90,142.557261,-79.68841,0.0,bottom
Q91,149.700118,-79.68841,0.0,top
Q92,149.700118,-79.68841,0.0,bottom
Q93,156.842975,-79.68841,0.0,top
Q94,156.842975,-79.68841,0.0,bottom
Q95,163.985832,-79.68841,0.0,top
Q96,163.985832,-79.68841,0.0,bottom
Q97,113.985833,-86.831267,0.0,top
Q98,113.985833,-86.831267,0.0,bottom
Q99,121.12869,-86.831267,0.0,top
R1_2,113.923333,-41.324125,0.0,top
R1,175.15,-45.6,90.0,top
R10_2,121.054286,-48.466983,0.0,top
R10,197.649999,-53.1,90.0,top
R11_2,128.197143,-48.466983,0.0,top
R11,205.149999,-53.1,90.0,top
R12_2,135.34,-48.466983,0.0,top
R12,212.649999,-53.1,90.0,top
R13_2,142.482857,-48.466983,0.0,top
R13,175.149999,-60.6,90.0,top
R14_2,149.625714,-48.466983,0.0,top
R14,182.649999,-60.6,90.0,top
R15_2,156.780475,-48.466983,0.0,top
R15,190.149999,-60.6,90.0,top
R16_2,163.923332,-48.466983,0.0,top
R16,197.649999,-60.6,90.0,top
R17_2,113.923333,-55.60984,0.0,top
R17,205.149999,-60.6,90.0,top
R18_2,121.06619,-55.60984,0.0,top
R18,212.649999,-60.6,90.0,top
R19_2,128.209047,-55.60984,0.0,top
R19,175.149999,-68.2,90.0,top
R2_2,121.06619,-41.324125,0.0,top
R2,182.65,-45.6,90.0,top
R20_2,135.351904,-55.60984,0.0,top
R20,182.649999,-68.2,90.0,top
R21_2,142.494761,-55.60984,0.0,top
R21,190.149999,-68.2,90.0,top
R22_2,149.637618,-55.60984,0.0,top
R22,197.649999,-68.2,90.0,top
R23_2,156.780475,-55.60984,0.0,top
R23,205.149999,-68.2,90.0,top
R24_2,163.923332,-55.60984,0.0,top
R24,212.649999,-68.2,90.0,top
R25_2,113.923333,-62.752697,0.0,top
R25,175.149999,-75.607501,90.0,top
R26_2,121.054286,-62.752697,0.0,top
R26,182.649999,-75.607501,90.0,top
R27_2,128.209047,-62.752697,0.0,top
R27,190.149999,-75.607501,90.0,top
R28_2,135.351904,-62.752697,0.0,top
R28,197.649999,-75.607501,90.0,top
R29_2,142.494761,-62.752697,0.0,top
R29,205.149999,-75.607501,90.0,top
R3_2,128.209047,-41.324125,0.0,top
R3,190.15,-45.6,90.0,top
R30_2,149.637618,-62.752697,0.0,top
R30,212.649999,-75.607501,90.0,top
R31_2,156.780475,-62.752697,0.0,top
R31,175.149999,-83.1,90.0,top
R32_2,163.923332,-62.752697,0.0,top
R32,182.649999,-83.1,90.0,top
R33_2,113.923333,-69.895554,0.0,top
R33,190.149999,-83.1,90.0,top
R34_2,121.06619,-69.895554,0.0,top
R34,197.649999,-83.1,90.0,top
R35_2,128.209047,-69.895554,0.0,top
R35,205.149999,-83.1,90.0,top
R36_2,135.351904,-69.895554,0.0,top
R36,212.649999,-83.1,90.0,top
R37,142.494761,-69.895554,0.0,top
R38,149.637618,-69.895554,0.0,top
R39,156.780475,-69.895554,0.0,top
R4_2,135.351904,-41.324125,0.0,top
R4,197.65,-45.6,90.0,top
R40,163.923332,-69.895554,0.0,top
R41,113.923333,-77.038411,0.0,top
R42,121.06619,-77.038411,0.0,top
R43,128.209047,-77.038411,0.0,top
R44,135.351904,-77.038411,0.0,top
R45,142.494761,-77.038411,0.0,top
R46,149.637618,-77.038411,0.0,top
R47,156.780475,-77.038411,0.0,top
R48,163.923332,-77.038411,0.0,top
R49,113.923333,-84.181268,0.0,top
R5_2,142.494761,-41.324126,0.0,top
R5,205.149999,-45.6,90.0,top
R50,121.06619,-84.181268,0.0,top
R51,128.211095,-84.181268,0.0,top
R52,135.353952,-84.181268,0.0,top
R53,142.496809,-84.181268,0.0,top
R54,149.639666,-84.181268,0.0,top
R55,156.782523,-84.181268,0.0,top
R56,163.92538,-84.181268,0.0,top
R57,113.925238,-91.324125,0.0,top
R58,121.068095,-91.324125,0.0,top
R59,128.211095,-91.324125,0.0,top
R6_2,149.637618,-41.324126,0.0,top
R6,212.649999,-45.6,90.0,top
R60,135.353952,-91.324125,0.0,top
R61,142.496809,-91.324125,0.0,top
R62,149.639523,-91.324125,0.0,top
R63,156.78238,-91.324125,0.0,top
R64,163.925237,-91.324125,0.0,top
R7_2,156.768571,-41.324126,0.0,top
R7,175.149999,-53.1,90.0,top
R8_2,163.911428,-41.324126,0.0,top
R8,182.649999,-53.1,90.0,top
R9_2,113.911429,-48.466983,0.0,top
R9,190.149999,-53.1,90.0,top
